"coverage_id","domain","scope","coverage_status","record_count","verified_record_count","stale_or_due_count","release_id","notes"
"COV-JURISDICTIONS","jurisdiction_identity","Seed jurisdictions","partial","21","11","1","CH-0.1.0","11 planning-linked jurisdictions are current; Venezuela is provisional and due; 9 additional jurisdictions are identity-only entry-rule records."
"COV-SA-PLANNING","travel_planning","12 sovereign South American countries","partial","12","11","1","CH-0.1.0","Venezuela provisional operational alert is due for review on 2026-08-09."
"COV-EG-ENTRY","entry_rules","Ordinary Egyptian passport; selected tourism short visits","partial","8","8","0","CH-0.1.0","Verified as of 2026-07-26; 30-day review target assigned by Country Hub policy."
"COV-CITIES","cities","Global","schema_only","0","0","0","CH-0.1.0","No city facts imported in v0.1.0."
"COV-COST","cost","Global","schema_only","0","0","0","CH-0.1.0","Methodology-backed observations required."
"COV-SAFETY","safety","Global","schema_only","0","0","0","CH-0.1.0","No universal VisaAdvisor safety score is asserted."
"COV-CONNECTIVITY","connectivity","Global","schema_only","0","0","0","CH-0.1.0","Provider offers and independent observations will be separated."
"COV-HEALTHCARE","healthcare","Global","schema_only","0","0","0","CH-0.1.0","Official facility directories and visitor-access facts required."
"COV-IMMIGRATION","immigration","Global","schema_only","0","0","0","CH-0.1.0","Government primary sources and professional-review safeguards required."
